cycle	well	tile
1	A1	0
2	A1	0
3	A1	0
4	A1	0
5	A1	0
6	A1	0
7	A1	0
8	A1	0
9	A1	0
10	A1	0
11	A1	0
12	A1	0
13	A1	0
14	A1	0
15	A1	0
1	A1	1
2	A1	1
3	A1	1
4	A1	1
5	A1	1
6	A1	1
7	A1	1
8	A1	1
9	A1	1
10	A1	1
11	A1	1
12	A1	1
13	A1	1
14	A1	1
15	A1	1
1	A1	2
2	A1	2
3	A1	2
4	A1	2
5	A1	2
6	A1	2
7	A1	2
8	A1	2
9	A1	2
10	A1	2
11	A1	2
12	A1	2
13	A1	2
14	A1	2
15	A1	2
1	A1	3
2	A1	3
3	A1	3
4	A1	3
5	A1	3
6	A1	3
7	A1	3
8	A1	3
9	A1	3
10	A1	3
11	A1	3
12	A1	3
13	A1	3
14	A1	3
15	A1	3
1	A1	4
2	A1	4
3	A1	4
4	A1	4
5	A1	4
6	A1	4
7	A1	4
8	A1	4
9	A1	4
10	A1	4
11	A1	4
12	A1	4
13	A1	4
14	A1	4
15	A1	4
1	A1	5
2	A1	5
3	A1	5
4	A1	5
5	A1	5
6	A1	5
7	A1	5
8	A1	5
9	A1	5
10	A1	5
11	A1	5
12	A1	5
13	A1	5
14	A1	5
15	A1	5
1	A1	6
2	A1	6
3	A1	6
4	A1	6
5	A1	6
6	A1	6
7	A1	6
8	A1	6
9	A1	6
10	A1	6
11	A1	6
12	A1	6
13	A1	6
14	A1	6
15	A1	6
1	A1	7
2	A1	7
3	A1	7
4	A1	7
5	A1	7
6	A1	7
7	A1	7
8	A1	7
9	A1	7
10	A1	7
11	A1	7
12	A1	7
13	A1	7
14	A1	7
15	A1	7
1	A1	8
2	A1	8
3	A1	8
4	A1	8
5	A1	8
6	A1	8
7	A1	8
8	A1	8
9	A1	8
10	A1	8
11	A1	8
12	A1	8
13	A1	8
14	A1	8
15	A1	8
1	A1	9
2	A1	9
3	A1	9
4	A1	9
5	A1	9
6	A1	9
7	A1	9
8	A1	9
9	A1	9
10	A1	9
11	A1	9
12	A1	9
13	A1	9
14	A1	9
15	A1	9
1	A1	10
2	A1	10
3	A1	10
4	A1	10
5	A1	10
6	A1	10
7	A1	10
8	A1	10
9	A1	10
10	A1	10
11	A1	10
12	A1	10
13	A1	10
14	A1	10
15	A1	10
1	A1	11
2	A1	11
3	A1	11
4	A1	11
5	A1	11
6	A1	11
7	A1	11
8	A1	11
9	A1	11
10	A1	11
11	A1	11
12	A1	11
13	A1	11
14	A1	11
15	A1	11
1	A1	12
2	A1	12
3	A1	12
4	A1	12
5	A1	12
6	A1	12
7	A1	12
8	A1	12
9	A1	12
10	A1	12
11	A1	12
12	A1	12
13	A1	12
14	A1	12
15	A1	12
1	A1	13
2	A1	13
3	A1	13
4	A1	13
5	A1	13
6	A1	13
7	A1	13
8	A1	13
9	A1	13
10	A1	13
11	A1	13
12	A1	13
13	A1	13
14	A1	13
15	A1	13
1	A1	14
2	A1	14
3	A1	14
4	A1	14
5	A1	14
6	A1	14
7	A1	14
8	A1	14
9	A1	14
10	A1	14
11	A1	14
12	A1	14
13	A1	14
14	A1	14
15	A1	14
1	A1	15
2	A1	15
3	A1	15
4	A1	15
5	A1	15
6	A1	15
7	A1	15
8	A1	15
9	A1	15
10	A1	15
11	A1	15
12	A1	15
13	A1	15
14	A1	15
15	A1	15
1	A1	16
2	A1	16
3	A1	16
4	A1	16
5	A1	16
6	A1	16
7	A1	16
8	A1	16
9	A1	16
10	A1	16
11	A1	16
12	A1	16
13	A1	16
14	A1	16
15	A1	16
1	A1	17
2	A1	17
3	A1	17
4	A1	17
5	A1	17
6	A1	17
7	A1	17
8	A1	17
9	A1	17
10	A1	17
11	A1	17
12	A1	17
13	A1	17
14	A1	17
15	A1	17
1	A1	18
2	A1	18
3	A1	18
4	A1	18
5	A1	18
6	A1	18
7	A1	18
8	A1	18
9	A1	18
10	A1	18
11	A1	18
12	A1	18
13	A1	18
14	A1	18
15	A1	18
1	A1	19
2	A1	19
3	A1	19
4	A1	19
5	A1	19
6	A1	19
7	A1	19
8	A1	19
9	A1	19
10	A1	19
11	A1	19
12	A1	19
13	A1	19
14	A1	19
15	A1	19
1	A1	20
2	A1	20
3	A1	20
4	A1	20
5	A1	20
6	A1	20
7	A1	20
8	A1	20
9	A1	20
10	A1	20
11	A1	20
12	A1	20
13	A1	20
14	A1	20
15	A1	20
1	A1	21
2	A1	21
3	A1	21
4	A1	21
5	A1	21
6	A1	21
7	A1	21
8	A1	21
9	A1	21
10	A1	21
11	A1	21
12	A1	21
13	A1	21
14	A1	21
15	A1	21
1	A1	22
2	A1	22
3	A1	22
4	A1	22
5	A1	22
6	A1	22
7	A1	22
8	A1	22
9	A1	22
10	A1	22
11	A1	22
12	A1	22
13	A1	22
14	A1	22
15	A1	22
1	A1	23
2	A1	23
3	A1	23
4	A1	23
5	A1	23
6	A1	23
7	A1	23
8	A1	23
9	A1	23
10	A1	23
11	A1	23
12	A1	23
13	A1	23
14	A1	23
15	A1	23
1	A1	24
2	A1	24
3	A1	24
4	A1	24
5	A1	24
6	A1	24
7	A1	24
8	A1	24
9	A1	24
10	A1	24
11	A1	24
12	A1	24
13	A1	24
14	A1	24
15	A1	24
1	A1	25
2	A1	25
3	A1	25
4	A1	25
5	A1	25
6	A1	25
7	A1	25
8	A1	25
9	A1	25
10	A1	25
11	A1	25
12	A1	25
13	A1	25
14	A1	25
15	A1	25
1	A1	26
2	A1	26
3	A1	26
4	A1	26
5	A1	26
6	A1	26
7	A1	26
8	A1	26
9	A1	26
10	A1	26
11	A1	26
12	A1	26
13	A1	26
14	A1	26
15	A1	26
1	A1	27
2	A1	27
3	A1	27
4	A1	27
5	A1	27
6	A1	27
7	A1	27
8	A1	27
9	A1	27
10	A1	27
11	A1	27
12	A1	27
13	A1	27
14	A1	27
15	A1	27
1	A1	28
2	A1	28
3	A1	28
4	A1	28
5	A1	28
6	A1	28
7	A1	28
8	A1	28
9	A1	28
10	A1	28
11	A1	28
12	A1	28
13	A1	28
14	A1	28
15	A1	28
1	A1	29
2	A1	29
3	A1	29
4	A1	29
5	A1	29
6	A1	29
7	A1	29
8	A1	29
9	A1	29
10	A1	29
11	A1	29
12	A1	29
13	A1	29
14	A1	29
15	A1	29
1	A1	30
2	A1	30
3	A1	30
4	A1	30
5	A1	30
6	A1	30
7	A1	30
8	A1	30
9	A1	30
10	A1	30
11	A1	30
12	A1	30
13	A1	30
14	A1	30
15	A1	30
1	A1	31
2	A1	31
3	A1	31
4	A1	31
5	A1	31
6	A1	31
7	A1	31
8	A1	31
9	A1	31
10	A1	31
11	A1	31
12	A1	31
13	A1	31
14	A1	31
15	A1	31
1	A1	32
2	A1	32
3	A1	32
4	A1	32
5	A1	32
6	A1	32
7	A1	32
8	A1	32
9	A1	32
10	A1	32
11	A1	32
12	A1	32
13	A1	32
14	A1	32
15	A1	32
1	A1	33
2	A1	33
3	A1	33
4	A1	33
5	A1	33
6	A1	33
7	A1	33
8	A1	33
9	A1	33
10	A1	33
11	A1	33
12	A1	33
13	A1	33
14	A1	33
15	A1	33
1	A1	34
2	A1	34
3	A1	34
4	A1	34
5	A1	34
6	A1	34
7	A1	34
8	A1	34
9	A1	34
10	A1	34
11	A1	34
12	A1	34
13	A1	34
14	A1	34
15	A1	34
1	A1	35
2	A1	35
3	A1	35
4	A1	35
5	A1	35
6	A1	35
7	A1	35
8	A1	35
9	A1	35
10	A1	35
11	A1	35
12	A1	35
13	A1	35
14	A1	35
15	A1	35
1	A1	36
2	A1	36
3	A1	36
4	A1	36
5	A1	36
6	A1	36
7	A1	36
8	A1	36
9	A1	36
10	A1	36
11	A1	36
12	A1	36
13	A1	36
14	A1	36
15	A1	36
1	A1	37
2	A1	37
3	A1	37
4	A1	37
5	A1	37
6	A1	37
7	A1	37
8	A1	37
9	A1	37
10	A1	37
11	A1	37
12	A1	37
13	A1	37
14	A1	37
15	A1	37
1	A1	38
2	A1	38
3	A1	38
4	A1	38
5	A1	38
6	A1	38
7	A1	38
8	A1	38
9	A1	38
10	A1	38
11	A1	38
12	A1	38
13	A1	38
14	A1	38
15	A1	38
1	A1	39
2	A1	39
3	A1	39
4	A1	39
5	A1	39
6	A1	39
7	A1	39
8	A1	39
9	A1	39
10	A1	39
11	A1	39
12	A1	39
13	A1	39
14	A1	39
15	A1	39
1	A1	40
2	A1	40
3	A1	40
4	A1	40
5	A1	40
6	A1	40
7	A1	40
8	A1	40
9	A1	40
10	A1	40
11	A1	40
12	A1	40
13	A1	40
14	A1	40
15	A1	40
1	A1	41
2	A1	41
3	A1	41
4	A1	41
5	A1	41
6	A1	41
7	A1	41
8	A1	41
9	A1	41
10	A1	41
11	A1	41
12	A1	41
13	A1	41
14	A1	41
15	A1	41
1	A1	42
2	A1	42
3	A1	42
4	A1	42
5	A1	42
6	A1	42
7	A1	42
8	A1	42
9	A1	42
10	A1	42
11	A1	42
12	A1	42
13	A1	42
14	A1	42
15	A1	42
1	A1	43
2	A1	43
3	A1	43
4	A1	43
5	A1	43
6	A1	43
7	A1	43
8	A1	43
9	A1	43
10	A1	43
11	A1	43
12	A1	43
13	A1	43
14	A1	43
15	A1	43
1	A1	44
2	A1	44
3	A1	44
4	A1	44
5	A1	44
6	A1	44
7	A1	44
8	A1	44
9	A1	44
10	A1	44
11	A1	44
12	A1	44
13	A1	44
14	A1	44
15	A1	44
1	A1	45
2	A1	45
3	A1	45
4	A1	45
5	A1	45
6	A1	45
7	A1	45
8	A1	45
9	A1	45
10	A1	45
11	A1	45
12	A1	45
13	A1	45
14	A1	45
15	A1	45
1	A1	46
2	A1	46
3	A1	46
4	A1	46
5	A1	46
6	A1	46
7	A1	46
8	A1	46
9	A1	46
10	A1	46
11	A1	46
12	A1	46
13	A1	46
14	A1	46
15	A1	46
1	A1	47
2	A1	47
3	A1	47
4	A1	47
5	A1	47
6	A1	47
7	A1	47
8	A1	47
9	A1	47
10	A1	47
11	A1	47
12	A1	47
13	A1	47
14	A1	47
15	A1	47
1	A1	48
2	A1	48
3	A1	48
4	A1	48
5	A1	48
6	A1	48
7	A1	48
8	A1	48
9	A1	48
10	A1	48
11	A1	48
12	A1	48
13	A1	48
14	A1	48
15	A1	48
1	A1	49
2	A1	49
3	A1	49
4	A1	49
5	A1	49
6	A1	49
7	A1	49
8	A1	49
9	A1	49
10	A1	49
11	A1	49
12	A1	49
13	A1	49
14	A1	49
15	A1	49
1	A1	50
2	A1	50
3	A1	50
4	A1	50
5	A1	50
6	A1	50
7	A1	50
8	A1	50
9	A1	50
10	A1	50
11	A1	50
12	A1	50
13	A1	50
14	A1	50
15	A1	50
1	A1	51
2	A1	51
3	A1	51
4	A1	51
5	A1	51
6	A1	51
7	A1	51
8	A1	51
9	A1	51
10	A1	51
11	A1	51
12	A1	51
13	A1	51
14	A1	51
15	A1	51
1	A1	52
2	A1	52
3	A1	52
4	A1	52
5	A1	52
6	A1	52
7	A1	52
8	A1	52
9	A1	52
10	A1	52
11	A1	52
12	A1	52
13	A1	52
14	A1	52
15	A1	52
1	A1	53
2	A1	53
3	A1	53
4	A1	53
5	A1	53
6	A1	53
7	A1	53
8	A1	53
9	A1	53
10	A1	53
11	A1	53
12	A1	53
13	A1	53
14	A1	53
15	A1	53
1	A1	54
2	A1	54
3	A1	54
4	A1	54
5	A1	54
6	A1	54
7	A1	54
8	A1	54
9	A1	54
10	A1	54
11	A1	54
12	A1	54
13	A1	54
14	A1	54
15	A1	54
1	A1	55
2	A1	55
3	A1	55
4	A1	55
5	A1	55
6	A1	55
7	A1	55
8	A1	55
9	A1	55
10	A1	55
11	A1	55
12	A1	55
13	A1	55
14	A1	55
15	A1	55
1	A1	56
2	A1	56
3	A1	56
4	A1	56
5	A1	56
6	A1	56
7	A1	56
8	A1	56
9	A1	56
10	A1	56
11	A1	56
12	A1	56
13	A1	56
14	A1	56
15	A1	56
1	A1	57
2	A1	57
3	A1	57
4	A1	57
5	A1	57
6	A1	57
7	A1	57
8	A1	57
9	A1	57
10	A1	57
11	A1	57
12	A1	57
13	A1	57
14	A1	57
15	A1	57
1	A1	58
2	A1	58
3	A1	58
4	A1	58
5	A1	58
6	A1	58
7	A1	58
8	A1	58
9	A1	58
10	A1	58
11	A1	58
12	A1	58
13	A1	58
14	A1	58
15	A1	58
1	A1	59
2	A1	59
3	A1	59
4	A1	59
5	A1	59
6	A1	59
7	A1	59
8	A1	59
9	A1	59
10	A1	59
11	A1	59
12	A1	59
13	A1	59
14	A1	59
15	A1	59
1	A1	60
2	A1	60
3	A1	60
4	A1	60
5	A1	60
6	A1	60
7	A1	60
8	A1	60
9	A1	60
10	A1	60
11	A1	60
12	A1	60
13	A1	60
14	A1	60
15	A1	60
1	A1	61
2	A1	61
3	A1	61
4	A1	61
5	A1	61
6	A1	61
7	A1	61
8	A1	61
9	A1	61
10	A1	61
11	A1	61
12	A1	61
13	A1	61
14	A1	61
15	A1	61
1	A1	62
2	A1	62
3	A1	62
4	A1	62
5	A1	62
6	A1	62
7	A1	62
8	A1	62
9	A1	62
10	A1	62
11	A1	62
12	A1	62
13	A1	62
14	A1	62
15	A1	62
1	A1	63
2	A1	63
3	A1	63
4	A1	63
5	A1	63
6	A1	63
7	A1	63
8	A1	63
9	A1	63
10	A1	63
11	A1	63
12	A1	63
13	A1	63
14	A1	63
15	A1	63
1	A1	64
2	A1	64
3	A1	64
4	A1	64
5	A1	64
6	A1	64
7	A1	64
8	A1	64
9	A1	64
10	A1	64
11	A1	64
12	A1	64
13	A1	64
14	A1	64
15	A1	64
1	A1	65
2	A1	65
3	A1	65
4	A1	65
5	A1	65
6	A1	65
7	A1	65
8	A1	65
9	A1	65
10	A1	65
11	A1	65
12	A1	65
13	A1	65
14	A1	65
15	A1	65
1	A1	66
2	A1	66
3	A1	66
4	A1	66
5	A1	66
6	A1	66
7	A1	66
8	A1	66
9	A1	66
10	A1	66
11	A1	66
12	A1	66
13	A1	66
14	A1	66
15	A1	66
1	A1	67
2	A1	67
3	A1	67
4	A1	67
5	A1	67
6	A1	67
7	A1	67
8	A1	67
9	A1	67
10	A1	67
11	A1	67
12	A1	67
13	A1	67
14	A1	67
15	A1	67
1	A1	68
2	A1	68
3	A1	68
4	A1	68
5	A1	68
6	A1	68
7	A1	68
8	A1	68
9	A1	68
10	A1	68
11	A1	68
12	A1	68
13	A1	68
14	A1	68
15	A1	68
1	A1	69
2	A1	69
3	A1	69
4	A1	69
5	A1	69
6	A1	69
7	A1	69
8	A1	69
9	A1	69
10	A1	69
11	A1	69
12	A1	69
13	A1	69
14	A1	69
15	A1	69
1	A1	70
2	A1	70
3	A1	70
4	A1	70
5	A1	70
6	A1	70
7	A1	70
8	A1	70
9	A1	70
10	A1	70
11	A1	70
12	A1	70
13	A1	70
14	A1	70
15	A1	70
1	A1	71
2	A1	71
3	A1	71
4	A1	71
5	A1	71
6	A1	71
7	A1	71
8	A1	71
9	A1	71
10	A1	71
11	A1	71
12	A1	71
13	A1	71
14	A1	71
15	A1	71
1	A1	72
2	A1	72
3	A1	72
4	A1	72
5	A1	72
6	A1	72
7	A1	72
8	A1	72
9	A1	72
10	A1	72
11	A1	72
12	A1	72
13	A1	72
14	A1	72
15	A1	72
1	A1	73
2	A1	73
3	A1	73
4	A1	73
5	A1	73
6	A1	73
7	A1	73
8	A1	73
9	A1	73
10	A1	73
11	A1	73
12	A1	73
13	A1	73
14	A1	73
15	A1	73
1	A1	74
2	A1	74
3	A1	74
4	A1	74
5	A1	74
6	A1	74
7	A1	74
8	A1	74
9	A1	74
10	A1	74
11	A1	74
12	A1	74
13	A1	74
14	A1	74
15	A1	74
1	A1	75
2	A1	75
3	A1	75
4	A1	75
5	A1	75
6	A1	75
7	A1	75
8	A1	75
9	A1	75
10	A1	75
11	A1	75
12	A1	75
13	A1	75
14	A1	75
15	A1	75
1	A1	76
2	A1	76
3	A1	76
4	A1	76
5	A1	76
6	A1	76
7	A1	76
8	A1	76
9	A1	76
10	A1	76
11	A1	76
12	A1	76
13	A1	76
14	A1	76
15	A1	76
1	A1	77
2	A1	77
3	A1	77
4	A1	77
5	A1	77
6	A1	77
7	A1	77
8	A1	77
9	A1	77
10	A1	77
11	A1	77
12	A1	77
13	A1	77
14	A1	77
15	A1	77
1	A1	78
2	A1	78
3	A1	78
4	A1	78
5	A1	78
6	A1	78
7	A1	78
8	A1	78
9	A1	78
10	A1	78
11	A1	78
12	A1	78
13	A1	78
14	A1	78
15	A1	78
1	A1	79
2	A1	79
3	A1	79
4	A1	79
5	A1	79
6	A1	79
7	A1	79
8	A1	79
9	A1	79
10	A1	79
11	A1	79
12	A1	79
13	A1	79
14	A1	79
15	A1	79
1	A1	80
2	A1	80
3	A1	80
4	A1	80
5	A1	80
6	A1	80
7	A1	80
8	A1	80
9	A1	80
10	A1	80
11	A1	80
12	A1	80
13	A1	80
14	A1	80
15	A1	80
1	A1	81
2	A1	81
3	A1	81
4	A1	81
5	A1	81
6	A1	81
7	A1	81
8	A1	81
9	A1	81
10	A1	81
11	A1	81
12	A1	81
13	A1	81
14	A1	81
15	A1	81
1	A1	82
2	A1	82
3	A1	82
4	A1	82
5	A1	82
6	A1	82
7	A1	82
8	A1	82
9	A1	82
10	A1	82
11	A1	82
12	A1	82
13	A1	82
14	A1	82
15	A1	82
1	A1	83
2	A1	83
3	A1	83
4	A1	83
5	A1	83
6	A1	83
7	A1	83
8	A1	83
9	A1	83
10	A1	83
11	A1	83
12	A1	83
13	A1	83
14	A1	83
15	A1	83
1	A1	84
2	A1	84
3	A1	84
4	A1	84
5	A1	84
6	A1	84
7	A1	84
8	A1	84
9	A1	84
10	A1	84
11	A1	84
12	A1	84
13	A1	84
14	A1	84
15	A1	84
1	A1	85
2	A1	85
3	A1	85
4	A1	85
5	A1	85
6	A1	85
7	A1	85
8	A1	85
9	A1	85
10	A1	85
11	A1	85
12	A1	85
13	A1	85
14	A1	85
15	A1	85
1	A1	86
2	A1	86
3	A1	86
4	A1	86
5	A1	86
6	A1	86
7	A1	86
8	A1	86
9	A1	86
10	A1	86
11	A1	86
12	A1	86
13	A1	86
14	A1	86
15	A1	86
1	A1	87
2	A1	87
3	A1	87
4	A1	87
5	A1	87
6	A1	87
7	A1	87
8	A1	87
9	A1	87
10	A1	87
11	A1	87
12	A1	87
13	A1	87
14	A1	87
15	A1	87
1	A1	88
2	A1	88
3	A1	88
4	A1	88
5	A1	88
6	A1	88
7	A1	88
8	A1	88
9	A1	88
10	A1	88
11	A1	88
12	A1	88
13	A1	88
14	A1	88
15	A1	88
1	A1	89
2	A1	89
3	A1	89
4	A1	89
5	A1	89
6	A1	89
7	A1	89
8	A1	89
9	A1	89
10	A1	89
11	A1	89
12	A1	89
13	A1	89
14	A1	89
15	A1	89
1	A1	90
2	A1	90
3	A1	90
4	A1	90
5	A1	90
6	A1	90
7	A1	90
8	A1	90
9	A1	90
10	A1	90
11	A1	90
12	A1	90
13	A1	90
14	A1	90
15	A1	90
1	A1	91
2	A1	91
3	A1	91
4	A1	91
5	A1	91
6	A1	91
7	A1	91
8	A1	91
9	A1	91
10	A1	91
11	A1	91
12	A1	91
13	A1	91
14	A1	91
15	A1	91
1	A1	92
2	A1	92
3	A1	92
4	A1	92
5	A1	92
6	A1	92
7	A1	92
8	A1	92
9	A1	92
10	A1	92
11	A1	92
12	A1	92
13	A1	92
14	A1	92
15	A1	92
1	A1	93
2	A1	93
3	A1	93
4	A1	93
5	A1	93
6	A1	93
7	A1	93
8	A1	93
9	A1	93
10	A1	93
11	A1	93
12	A1	93
13	A1	93
14	A1	93
15	A1	93
1	A1	94
2	A1	94
3	A1	94
4	A1	94
5	A1	94
6	A1	94
7	A1	94
8	A1	94
9	A1	94
10	A1	94
11	A1	94
12	A1	94
13	A1	94
14	A1	94
15	A1	94
1	A1	95
2	A1	95
3	A1	95
4	A1	95
5	A1	95
6	A1	95
7	A1	95
8	A1	95
9	A1	95
10	A1	95
11	A1	95
12	A1	95
13	A1	95
14	A1	95
15	A1	95
1	A1	96
2	A1	96
3	A1	96
4	A1	96
5	A1	96
6	A1	96
7	A1	96
8	A1	96
9	A1	96
10	A1	96
11	A1	96
12	A1	96
13	A1	96
14	A1	96
15	A1	96
1	A1	97
2	A1	97
3	A1	97
4	A1	97
5	A1	97
6	A1	97
7	A1	97
8	A1	97
9	A1	97
10	A1	97
11	A1	97
12	A1	97
13	A1	97
14	A1	97
15	A1	97
1	A1	98
2	A1	98
3	A1	98
4	A1	98
5	A1	98
6	A1	98
7	A1	98
8	A1	98
9	A1	98
10	A1	98
11	A1	98
12	A1	98
13	A1	98
14	A1	98
15	A1	98
1	A1	99
2	A1	99
3	A1	99
4	A1	99
5	A1	99
6	A1	99
7	A1	99
8	A1	99
9	A1	99
10	A1	99
11	A1	99
12	A1	99
13	A1	99
14	A1	99
15	A1	99
1	A1	100
2	A1	100
3	A1	100
4	A1	100
5	A1	100
6	A1	100
7	A1	100
8	A1	100
9	A1	100
10	A1	100
11	A1	100
12	A1	100
13	A1	100
14	A1	100
15	A1	100
1	A1	101
2	A1	101
3	A1	101
4	A1	101
5	A1	101
6	A1	101
7	A1	101
8	A1	101
9	A1	101
10	A1	101
11	A1	101
12	A1	101
13	A1	101
14	A1	101
15	A1	101
1	A1	102
2	A1	102
3	A1	102
4	A1	102
5	A1	102
6	A1	102
7	A1	102
8	A1	102
9	A1	102
10	A1	102
11	A1	102
12	A1	102
13	A1	102
14	A1	102
15	A1	102
1	A1	103
2	A1	103
3	A1	103
4	A1	103
5	A1	103
6	A1	103
7	A1	103
8	A1	103
9	A1	103
10	A1	103
11	A1	103
12	A1	103
13	A1	103
14	A1	103
15	A1	103
1	A1	104
2	A1	104
3	A1	104
4	A1	104
5	A1	104
6	A1	104
7	A1	104
8	A1	104
9	A1	104
10	A1	104
11	A1	104
12	A1	104
13	A1	104
14	A1	104
15	A1	104
1	A1	105
2	A1	105
3	A1	105
4	A1	105
5	A1	105
6	A1	105
7	A1	105
8	A1	105
9	A1	105
10	A1	105
11	A1	105
12	A1	105
13	A1	105
14	A1	105
15	A1	105
1	A1	106
2	A1	106
3	A1	106
4	A1	106
5	A1	106
6	A1	106
7	A1	106
8	A1	106
9	A1	106
10	A1	106
11	A1	106
12	A1	106
13	A1	106
14	A1	106
15	A1	106
1	A1	107
2	A1	107
3	A1	107
4	A1	107
5	A1	107
6	A1	107
7	A1	107
8	A1	107
9	A1	107
10	A1	107
11	A1	107
12	A1	107
13	A1	107
14	A1	107
15	A1	107
1	A1	108
2	A1	108
3	A1	108
4	A1	108
5	A1	108
6	A1	108
7	A1	108
8	A1	108
9	A1	108
10	A1	108
11	A1	108
12	A1	108
13	A1	108
14	A1	108
15	A1	108
1	A1	109
2	A1	109
3	A1	109
4	A1	109
5	A1	109
6	A1	109
7	A1	109
8	A1	109
9	A1	109
10	A1	109
11	A1	109
12	A1	109
13	A1	109
14	A1	109
15	A1	109
1	A1	110
2	A1	110
3	A1	110
4	A1	110
5	A1	110
6	A1	110
7	A1	110
8	A1	110
9	A1	110
10	A1	110
11	A1	110
12	A1	110
13	A1	110
14	A1	110
15	A1	110
1	A1	111
2	A1	111
3	A1	111
4	A1	111
5	A1	111
6	A1	111
7	A1	111
8	A1	111
9	A1	111
10	A1	111
11	A1	111
12	A1	111
13	A1	111
14	A1	111
15	A1	111
1	A1	112
2	A1	112
3	A1	112
4	A1	112
5	A1	112
6	A1	112
7	A1	112
8	A1	112
9	A1	112
10	A1	112
11	A1	112
12	A1	112
13	A1	112
14	A1	112
15	A1	112
1	A1	113
2	A1	113
3	A1	113
4	A1	113
5	A1	113
6	A1	113
7	A1	113
8	A1	113
9	A1	113
10	A1	113
11	A1	113
12	A1	113
13	A1	113
14	A1	113
15	A1	113
1	A1	114
2	A1	114
3	A1	114
4	A1	114
5	A1	114
6	A1	114
7	A1	114
8	A1	114
9	A1	114
10	A1	114
11	A1	114
12	A1	114
13	A1	114
14	A1	114
15	A1	114
1	A1	115
2	A1	115
3	A1	115
4	A1	115
5	A1	115
6	A1	115
7	A1	115
8	A1	115
9	A1	115
10	A1	115
11	A1	115
12	A1	115
13	A1	115
14	A1	115
15	A1	115
1	A1	116
2	A1	116
3	A1	116
4	A1	116
5	A1	116
6	A1	116
7	A1	116
8	A1	116
9	A1	116
10	A1	116
11	A1	116
12	A1	116
13	A1	116
14	A1	116
15	A1	116
1	A1	117
2	A1	117
3	A1	117
4	A1	117
5	A1	117
6	A1	117
7	A1	117
8	A1	117
9	A1	117
10	A1	117
11	A1	117
12	A1	117
13	A1	117
14	A1	117
15	A1	117
1	A1	118
2	A1	118
3	A1	118
4	A1	118
5	A1	118
6	A1	118
7	A1	118
8	A1	118
9	A1	118
10	A1	118
11	A1	118
12	A1	118
13	A1	118
14	A1	118
15	A1	118
1	A1	119
2	A1	119
3	A1	119
4	A1	119
5	A1	119
6	A1	119
7	A1	119
8	A1	119
9	A1	119
10	A1	119
11	A1	119
12	A1	119
13	A1	119
14	A1	119
15	A1	119
1	A1	120
2	A1	120
3	A1	120
4	A1	120
5	A1	120
6	A1	120
7	A1	120
8	A1	120
9	A1	120
10	A1	120
11	A1	120
12	A1	120
13	A1	120
14	A1	120
15	A1	120
1	A1	121
2	A1	121
3	A1	121
4	A1	121
5	A1	121
6	A1	121
7	A1	121
8	A1	121
9	A1	121
10	A1	121
11	A1	121
12	A1	121
13	A1	121
14	A1	121
15	A1	121
1	A1	122
2	A1	122
3	A1	122
4	A1	122
5	A1	122
6	A1	122
7	A1	122
8	A1	122
9	A1	122
10	A1	122
11	A1	122
12	A1	122
13	A1	122
14	A1	122
15	A1	122
1	A1	123
2	A1	123
3	A1	123
4	A1	123
5	A1	123
6	A1	123
7	A1	123
8	A1	123
9	A1	123
10	A1	123
11	A1	123
12	A1	123
13	A1	123
14	A1	123
15	A1	123
1	A1	124
2	A1	124
3	A1	124
4	A1	124
5	A1	124
6	A1	124
7	A1	124
8	A1	124
9	A1	124
10	A1	124
11	A1	124
12	A1	124
13	A1	124
14	A1	124
15	A1	124
1	A1	125
2	A1	125
3	A1	125
4	A1	125
5	A1	125
6	A1	125
7	A1	125
8	A1	125
9	A1	125
10	A1	125
11	A1	125
12	A1	125
13	A1	125
14	A1	125
15	A1	125
1	A1	126
2	A1	126
3	A1	126
4	A1	126
5	A1	126
6	A1	126
7	A1	126
8	A1	126
9	A1	126
10	A1	126
11	A1	126
12	A1	126
13	A1	126
14	A1	126
15	A1	126
1	A1	127
2	A1	127
3	A1	127
4	A1	127
5	A1	127
6	A1	127
7	A1	127
8	A1	127
9	A1	127
10	A1	127
11	A1	127
12	A1	127
13	A1	127
14	A1	127
15	A1	127
1	A1	128
2	A1	128
3	A1	128
4	A1	128
5	A1	128
6	A1	128
7	A1	128
8	A1	128
9	A1	128
10	A1	128
11	A1	128
12	A1	128
13	A1	128
14	A1	128
15	A1	128
1	A1	129
2	A1	129
3	A1	129
4	A1	129
5	A1	129
6	A1	129
7	A1	129
8	A1	129
9	A1	129
10	A1	129
11	A1	129
12	A1	129
13	A1	129
14	A1	129
15	A1	129
1	A1	130
2	A1	130
3	A1	130
4	A1	130
5	A1	130
6	A1	130
7	A1	130
8	A1	130
9	A1	130
10	A1	130
11	A1	130
12	A1	130
13	A1	130
14	A1	130
15	A1	130
1	A1	131
2	A1	131
3	A1	131
4	A1	131
5	A1	131
6	A1	131
7	A1	131
8	A1	131
9	A1	131
10	A1	131
11	A1	131
12	A1	131
13	A1	131
14	A1	131
15	A1	131
1	A1	132
2	A1	132
3	A1	132
4	A1	132
5	A1	132
6	A1	132
7	A1	132
8	A1	132
9	A1	132
10	A1	132
11	A1	132
12	A1	132
13	A1	132
14	A1	132
15	A1	132
1	A1	133
2	A1	133
3	A1	133
4	A1	133
5	A1	133
6	A1	133
7	A1	133
8	A1	133
9	A1	133
10	A1	133
11	A1	133
12	A1	133
13	A1	133
14	A1	133
15	A1	133
1	A1	134
2	A1	134
3	A1	134
4	A1	134
5	A1	134
6	A1	134
7	A1	134
8	A1	134
9	A1	134
10	A1	134
11	A1	134
12	A1	134
13	A1	134
14	A1	134
15	A1	134
1	A1	135
2	A1	135
3	A1	135
4	A1	135
5	A1	135
6	A1	135
7	A1	135
8	A1	135
9	A1	135
10	A1	135
11	A1	135
12	A1	135
13	A1	135
14	A1	135
15	A1	135
1	A1	136
2	A1	136
3	A1	136
4	A1	136
5	A1	136
6	A1	136
7	A1	136
8	A1	136
9	A1	136
10	A1	136
11	A1	136
12	A1	136
13	A1	136
14	A1	136
15	A1	136
1	A1	137
2	A1	137
3	A1	137
4	A1	137
5	A1	137
6	A1	137
7	A1	137
8	A1	137
9	A1	137
10	A1	137
11	A1	137
12	A1	137
13	A1	137
14	A1	137
15	A1	137
1	A1	138
2	A1	138
3	A1	138
4	A1	138
5	A1	138
6	A1	138
7	A1	138
8	A1	138
9	A1	138
10	A1	138
11	A1	138
12	A1	138
13	A1	138
14	A1	138
15	A1	138
1	A1	139
2	A1	139
3	A1	139
4	A1	139
5	A1	139
6	A1	139
7	A1	139
8	A1	139
9	A1	139
10	A1	139
11	A1	139
12	A1	139
13	A1	139
14	A1	139
15	A1	139
1	A1	140
2	A1	140
3	A1	140
4	A1	140
5	A1	140
6	A1	140
7	A1	140
8	A1	140
9	A1	140
10	A1	140
11	A1	140
12	A1	140
13	A1	140
14	A1	140
15	A1	140
1	A1	141
2	A1	141
3	A1	141
4	A1	141
5	A1	141
6	A1	141
7	A1	141
8	A1	141
9	A1	141
10	A1	141
11	A1	141
12	A1	141
13	A1	141
14	A1	141
15	A1	141
1	A1	142
2	A1	142
3	A1	142
4	A1	142
5	A1	142
6	A1	142
7	A1	142
8	A1	142
9	A1	142
10	A1	142
11	A1	142
12	A1	142
13	A1	142
14	A1	142
15	A1	142
1	A1	143
2	A1	143
3	A1	143
4	A1	143
5	A1	143
6	A1	143
7	A1	143
8	A1	143
9	A1	143
10	A1	143
11	A1	143
12	A1	143
13	A1	143
14	A1	143
15	A1	143
1	A1	144
2	A1	144
3	A1	144
4	A1	144
5	A1	144
6	A1	144
7	A1	144
8	A1	144
9	A1	144
10	A1	144
11	A1	144
12	A1	144
13	A1	144
14	A1	144
15	A1	144
1	A1	145
2	A1	145
3	A1	145
4	A1	145
5	A1	145
6	A1	145
7	A1	145
8	A1	145
9	A1	145
10	A1	145
11	A1	145
12	A1	145
13	A1	145
14	A1	145
15	A1	145
1	A1	146
2	A1	146
3	A1	146
4	A1	146
5	A1	146
6	A1	146
7	A1	146
8	A1	146
9	A1	146
10	A1	146
11	A1	146
12	A1	146
13	A1	146
14	A1	146
15	A1	146
1	A1	147
2	A1	147
3	A1	147
4	A1	147
5	A1	147
6	A1	147
7	A1	147
8	A1	147
9	A1	147
10	A1	147
11	A1	147
12	A1	147
13	A1	147
14	A1	147
15	A1	147
1	A1	148
2	A1	148
3	A1	148
4	A1	148
5	A1	148
6	A1	148
7	A1	148
8	A1	148
9	A1	148
10	A1	148
11	A1	148
12	A1	148
13	A1	148
14	A1	148
15	A1	148
1	A1	149
2	A1	149
3	A1	149
4	A1	149
5	A1	149
6	A1	149
7	A1	149
8	A1	149
9	A1	149
10	A1	149
11	A1	149
12	A1	149
13	A1	149
14	A1	149
15	A1	149
1	A1	150
2	A1	150
3	A1	150
4	A1	150
5	A1	150
6	A1	150
7	A1	150
8	A1	150
9	A1	150
10	A1	150
11	A1	150
12	A1	150
13	A1	150
14	A1	150
15	A1	150
1	A1	151
2	A1	151
3	A1	151
4	A1	151
5	A1	151
6	A1	151
7	A1	151
8	A1	151
9	A1	151
10	A1	151
11	A1	151
12	A1	151
13	A1	151
14	A1	151
15	A1	151
1	A1	152
2	A1	152
3	A1	152
4	A1	152
5	A1	152
6	A1	152
7	A1	152
8	A1	152
9	A1	152
10	A1	152
11	A1	152
12	A1	152
13	A1	152
14	A1	152
15	A1	152
1	A1	153
2	A1	153
3	A1	153
4	A1	153
5	A1	153
6	A1	153
7	A1	153
8	A1	153
9	A1	153
10	A1	153
11	A1	153
12	A1	153
13	A1	153
14	A1	153
15	A1	153
1	A1	154
2	A1	154
3	A1	154
4	A1	154
5	A1	154
6	A1	154
7	A1	154
8	A1	154
9	A1	154
10	A1	154
11	A1	154
12	A1	154
13	A1	154
14	A1	154
15	A1	154
1	A1	155
2	A1	155
3	A1	155
4	A1	155
5	A1	155
6	A1	155
7	A1	155
8	A1	155
9	A1	155
10	A1	155
11	A1	155
12	A1	155
13	A1	155
14	A1	155
15	A1	155
1	A1	156
2	A1	156
3	A1	156
4	A1	156
5	A1	156
6	A1	156
7	A1	156
8	A1	156
9	A1	156
10	A1	156
11	A1	156
12	A1	156
13	A1	156
14	A1	156
15	A1	156
1	A1	157
2	A1	157
3	A1	157
4	A1	157
5	A1	157
6	A1	157
7	A1	157
8	A1	157
9	A1	157
10	A1	157
11	A1	157
12	A1	157
13	A1	157
14	A1	157
15	A1	157
1	A1	158
2	A1	158
3	A1	158
4	A1	158
5	A1	158
6	A1	158
7	A1	158
8	A1	158
9	A1	158
10	A1	158
11	A1	158
12	A1	158
13	A1	158
14	A1	158
15	A1	158
1	A1	159
2	A1	159
3	A1	159
4	A1	159
5	A1	159
6	A1	159
7	A1	159
8	A1	159
9	A1	159
10	A1	159
11	A1	159
12	A1	159
13	A1	159
14	A1	159
15	A1	159
1	A1	160
2	A1	160
3	A1	160
4	A1	160
5	A1	160
6	A1	160
7	A1	160
8	A1	160
9	A1	160
10	A1	160
11	A1	160
12	A1	160
13	A1	160
14	A1	160
15	A1	160
1	A1	161
2	A1	161
3	A1	161
4	A1	161
5	A1	161
6	A1	161
7	A1	161
8	A1	161
9	A1	161
10	A1	161
11	A1	161
12	A1	161
13	A1	161
14	A1	161
15	A1	161
1	A1	162
2	A1	162
3	A1	162
4	A1	162
5	A1	162
6	A1	162
7	A1	162
8	A1	162
9	A1	162
10	A1	162
11	A1	162
12	A1	162
13	A1	162
14	A1	162
15	A1	162
1	A1	163
2	A1	163
3	A1	163
4	A1	163
5	A1	163
6	A1	163
7	A1	163
8	A1	163
9	A1	163
10	A1	163
11	A1	163
12	A1	163
13	A1	163
14	A1	163
15	A1	163
1	A1	164
2	A1	164
3	A1	164
4	A1	164
5	A1	164
6	A1	164
7	A1	164
8	A1	164
9	A1	164
10	A1	164
11	A1	164
12	A1	164
13	A1	164
14	A1	164
15	A1	164
1	A1	165
2	A1	165
3	A1	165
4	A1	165
5	A1	165
6	A1	165
7	A1	165
8	A1	165
9	A1	165
10	A1	165
11	A1	165
12	A1	165
13	A1	165
14	A1	165
15	A1	165
1	A1	166
2	A1	166
3	A1	166
4	A1	166
5	A1	166
6	A1	166
7	A1	166
8	A1	166
9	A1	166
10	A1	166
11	A1	166
12	A1	166
13	A1	166
14	A1	166
15	A1	166
1	A1	167
2	A1	167
3	A1	167
4	A1	167
5	A1	167
6	A1	167
7	A1	167
8	A1	167
9	A1	167
10	A1	167
11	A1	167
12	A1	167
13	A1	167
14	A1	167
15	A1	167
1	A1	168
2	A1	168
3	A1	168
4	A1	168
5	A1	168
6	A1	168
7	A1	168
8	A1	168
9	A1	168
10	A1	168
11	A1	168
12	A1	168
13	A1	168
14	A1	168
15	A1	168
1	A1	169
2	A1	169
3	A1	169
4	A1	169
5	A1	169
6	A1	169
7	A1	169
8	A1	169
9	A1	169
10	A1	169
11	A1	169
12	A1	169
13	A1	169
14	A1	169
15	A1	169
1	A1	170
2	A1	170
3	A1	170
4	A1	170
5	A1	170
6	A1	170
7	A1	170
8	A1	170
9	A1	170
10	A1	170
11	A1	170
12	A1	170
13	A1	170
14	A1	170
15	A1	170
1	A1	171
2	A1	171
3	A1	171
4	A1	171
5	A1	171
6	A1	171
7	A1	171
8	A1	171
9	A1	171
10	A1	171
11	A1	171
12	A1	171
13	A1	171
14	A1	171
15	A1	171
1	A1	172
2	A1	172
3	A1	172
4	A1	172
5	A1	172
6	A1	172
7	A1	172
8	A1	172
9	A1	172
10	A1	172
11	A1	172
12	A1	172
13	A1	172
14	A1	172
15	A1	172
1	A1	173
2	A1	173
3	A1	173
4	A1	173
5	A1	173
6	A1	173
7	A1	173
8	A1	173
9	A1	173
10	A1	173
11	A1	173
12	A1	173
13	A1	173
14	A1	173
15	A1	173
1	A1	174
2	A1	174
3	A1	174
4	A1	174
5	A1	174
6	A1	174
7	A1	174
8	A1	174
9	A1	174
10	A1	174
11	A1	174
12	A1	174
13	A1	174
14	A1	174
15	A1	174
1	A1	175
2	A1	175
3	A1	175
4	A1	175
5	A1	175
6	A1	175
7	A1	175
8	A1	175
9	A1	175
10	A1	175
11	A1	175
12	A1	175
13	A1	175
14	A1	175
15	A1	175
1	A1	176
2	A1	176
3	A1	176
4	A1	176
5	A1	176
6	A1	176
7	A1	176
8	A1	176
9	A1	176
10	A1	176
11	A1	176
12	A1	176
13	A1	176
14	A1	176
15	A1	176
1	A1	177
2	A1	177
3	A1	177
4	A1	177
5	A1	177
6	A1	177
7	A1	177
8	A1	177
9	A1	177
10	A1	177
11	A1	177
12	A1	177
13	A1	177
14	A1	177
15	A1	177
1	A1	178
2	A1	178
3	A1	178
4	A1	178
5	A1	178
6	A1	178
7	A1	178
8	A1	178
9	A1	178
10	A1	178
11	A1	178
12	A1	178
13	A1	178
14	A1	178
15	A1	178
1	A1	179
2	A1	179
3	A1	179
4	A1	179
5	A1	179
6	A1	179
7	A1	179
8	A1	179
9	A1	179
10	A1	179
11	A1	179
12	A1	179
13	A1	179
14	A1	179
15	A1	179
1	A1	180
2	A1	180
3	A1	180
4	A1	180
5	A1	180
6	A1	180
7	A1	180
8	A1	180
9	A1	180
10	A1	180
11	A1	180
12	A1	180
13	A1	180
14	A1	180
15	A1	180
1	A1	181
2	A1	181
3	A1	181
4	A1	181
5	A1	181
6	A1	181
7	A1	181
8	A1	181
9	A1	181
10	A1	181
11	A1	181
12	A1	181
13	A1	181
14	A1	181
15	A1	181
1	A1	182
2	A1	182
3	A1	182
4	A1	182
5	A1	182
6	A1	182
7	A1	182
8	A1	182
9	A1	182
10	A1	182
11	A1	182
12	A1	182
13	A1	182
14	A1	182
15	A1	182
1	A1	183
2	A1	183
3	A1	183
4	A1	183
5	A1	183
6	A1	183
7	A1	183
8	A1	183
9	A1	183
10	A1	183
11	A1	183
12	A1	183
13	A1	183
14	A1	183
15	A1	183
1	A1	184
2	A1	184
3	A1	184
4	A1	184
5	A1	184
6	A1	184
7	A1	184
8	A1	184
9	A1	184
10	A1	184
11	A1	184
12	A1	184
13	A1	184
14	A1	184
15	A1	184
1	A1	185
2	A1	185
3	A1	185
4	A1	185
5	A1	185
6	A1	185
7	A1	185
8	A1	185
9	A1	185
10	A1	185
11	A1	185
12	A1	185
13	A1	185
14	A1	185
15	A1	185
1	A1	186
2	A1	186
3	A1	186
4	A1	186
5	A1	186
6	A1	186
7	A1	186
8	A1	186
9	A1	186
10	A1	186
11	A1	186
12	A1	186
13	A1	186
14	A1	186
15	A1	186
1	A1	187
2	A1	187
3	A1	187
4	A1	187
5	A1	187
6	A1	187
7	A1	187
8	A1	187
9	A1	187
10	A1	187
11	A1	187
12	A1	187
13	A1	187
14	A1	187
15	A1	187
1	A1	188
2	A1	188
3	A1	188
4	A1	188
5	A1	188
6	A1	188
7	A1	188
8	A1	188
9	A1	188
10	A1	188
11	A1	188
12	A1	188
13	A1	188
14	A1	188
15	A1	188
1	A1	189
2	A1	189
3	A1	189
4	A1	189
5	A1	189
6	A1	189
7	A1	189
8	A1	189
9	A1	189
10	A1	189
11	A1	189
12	A1	189
13	A1	189
14	A1	189
15	A1	189
1	A1	190
2	A1	190
3	A1	190
4	A1	190
5	A1	190
6	A1	190
7	A1	190
8	A1	190
9	A1	190
10	A1	190
11	A1	190
12	A1	190
13	A1	190
14	A1	190
15	A1	190
1	A1	191
2	A1	191
3	A1	191
4	A1	191
5	A1	191
6	A1	191
7	A1	191
8	A1	191
9	A1	191
10	A1	191
11	A1	191
12	A1	191
13	A1	191
14	A1	191
15	A1	191
1	A1	192
2	A1	192
3	A1	192
4	A1	192
5	A1	192
6	A1	192
7	A1	192
8	A1	192
9	A1	192
10	A1	192
11	A1	192
12	A1	192
13	A1	192
14	A1	192
15	A1	192
1	A1	193
2	A1	193
3	A1	193
4	A1	193
5	A1	193
6	A1	193
7	A1	193
8	A1	193
9	A1	193
10	A1	193
11	A1	193
12	A1	193
13	A1	193
14	A1	193
15	A1	193
1	A1	194
2	A1	194
3	A1	194
4	A1	194
5	A1	194
6	A1	194
7	A1	194
8	A1	194
9	A1	194
10	A1	194
11	A1	194
12	A1	194
13	A1	194
14	A1	194
15	A1	194
1	A1	195
2	A1	195
3	A1	195
4	A1	195
5	A1	195
6	A1	195
7	A1	195
8	A1	195
9	A1	195
10	A1	195
11	A1	195
12	A1	195
13	A1	195
14	A1	195
15	A1	195
1	A1	196
2	A1	196
3	A1	196
4	A1	196
5	A1	196
6	A1	196
7	A1	196
8	A1	196
9	A1	196
10	A1	196
11	A1	196
12	A1	196
13	A1	196
14	A1	196
15	A1	196
1	A1	197
2	A1	197
3	A1	197
4	A1	197
5	A1	197
6	A1	197
7	A1	197
8	A1	197
9	A1	197
10	A1	197
11	A1	197
12	A1	197
13	A1	197
14	A1	197
15	A1	197
1	A1	198
2	A1	198
3	A1	198
4	A1	198
5	A1	198
6	A1	198
7	A1	198
8	A1	198
9	A1	198
10	A1	198
11	A1	198
12	A1	198
13	A1	198
14	A1	198
15	A1	198
1	A1	199
2	A1	199
3	A1	199
4	A1	199
5	A1	199
6	A1	199
7	A1	199
8	A1	199
9	A1	199
10	A1	199
11	A1	199
12	A1	199
13	A1	199
14	A1	199
15	A1	199
1	A1	200
2	A1	200
3	A1	200
4	A1	200
5	A1	200
6	A1	200
7	A1	200
8	A1	200
9	A1	200
10	A1	200
11	A1	200
12	A1	200
13	A1	200
14	A1	200
15	A1	200
1	A1	201
2	A1	201
3	A1	201
4	A1	201
5	A1	201
6	A1	201
7	A1	201
8	A1	201
9	A1	201
10	A1	201
11	A1	201
12	A1	201
13	A1	201
14	A1	201
15	A1	201
1	A1	202
2	A1	202
3	A1	202
4	A1	202
5	A1	202
6	A1	202
7	A1	202
8	A1	202
9	A1	202
10	A1	202
11	A1	202
12	A1	202
13	A1	202
14	A1	202
15	A1	202
1	A1	203
2	A1	203
3	A1	203
4	A1	203
5	A1	203
6	A1	203
7	A1	203
8	A1	203
9	A1	203
10	A1	203
11	A1	203
12	A1	203
13	A1	203
14	A1	203
15	A1	203
1	A1	204
2	A1	204
3	A1	204
4	A1	204
5	A1	204
6	A1	204
7	A1	204
8	A1	204
9	A1	204
10	A1	204
11	A1	204
12	A1	204
13	A1	204
14	A1	204
15	A1	204
1	A1	205
2	A1	205
3	A1	205
4	A1	205
5	A1	205
6	A1	205
7	A1	205
8	A1	205
9	A1	205
10	A1	205
11	A1	205
12	A1	205
13	A1	205
14	A1	205
15	A1	205
1	A1	206
2	A1	206
3	A1	206
4	A1	206
5	A1	206
6	A1	206
7	A1	206
8	A1	206
9	A1	206
10	A1	206
11	A1	206
12	A1	206
13	A1	206
14	A1	206
15	A1	206
1	A1	207
2	A1	207
3	A1	207
4	A1	207
5	A1	207
6	A1	207
7	A1	207
8	A1	207
9	A1	207
10	A1	207
11	A1	207
12	A1	207
13	A1	207
14	A1	207
15	A1	207
1	A1	208
2	A1	208
3	A1	208
4	A1	208
5	A1	208
6	A1	208
7	A1	208
8	A1	208
9	A1	208
10	A1	208
11	A1	208
12	A1	208
13	A1	208
14	A1	208
15	A1	208
1	A1	209
2	A1	209
3	A1	209
4	A1	209
5	A1	209
6	A1	209
7	A1	209
8	A1	209
9	A1	209
10	A1	209
11	A1	209
12	A1	209
13	A1	209
14	A1	209
15	A1	209
1	A1	210
2	A1	210
3	A1	210
4	A1	210
5	A1	210
6	A1	210
7	A1	210
8	A1	210
9	A1	210
10	A1	210
11	A1	210
12	A1	210
13	A1	210
14	A1	210
15	A1	210
1	A1	211
2	A1	211
3	A1	211
4	A1	211
5	A1	211
6	A1	211
7	A1	211
8	A1	211
9	A1	211
10	A1	211
11	A1	211
12	A1	211
13	A1	211
14	A1	211
15	A1	211
1	A1	212
2	A1	212
3	A1	212
4	A1	212
5	A1	212
6	A1	212
7	A1	212
8	A1	212
9	A1	212
10	A1	212
11	A1	212
12	A1	212
13	A1	212
14	A1	212
15	A1	212
1	A1	213
2	A1	213
3	A1	213
4	A1	213
5	A1	213
6	A1	213
7	A1	213
8	A1	213
9	A1	213
10	A1	213
11	A1	213
12	A1	213
13	A1	213
14	A1	213
15	A1	213
1	A1	214
2	A1	214
3	A1	214
4	A1	214
5	A1	214
6	A1	214
7	A1	214
8	A1	214
9	A1	214
10	A1	214
11	A1	214
12	A1	214
13	A1	214
14	A1	214
15	A1	214
1	A1	215
2	A1	215
3	A1	215
4	A1	215
5	A1	215
6	A1	215
7	A1	215
8	A1	215
9	A1	215
10	A1	215
11	A1	215
12	A1	215
13	A1	215
14	A1	215
15	A1	215
1	A1	216
2	A1	216
3	A1	216
4	A1	216
5	A1	216
6	A1	216
7	A1	216
8	A1	216
9	A1	216
10	A1	216
11	A1	216
12	A1	216
13	A1	216
14	A1	216
15	A1	216
1	A1	217
2	A1	217
3	A1	217
4	A1	217
5	A1	217
6	A1	217
7	A1	217
8	A1	217
9	A1	217
10	A1	217
11	A1	217
12	A1	217
13	A1	217
14	A1	217
15	A1	217
1	A1	218
2	A1	218
3	A1	218
4	A1	218
5	A1	218
6	A1	218
7	A1	218
8	A1	218
9	A1	218
10	A1	218
11	A1	218
12	A1	218
13	A1	218
14	A1	218
15	A1	218
1	A1	219
2	A1	219
3	A1	219
4	A1	219
5	A1	219
6	A1	219
7	A1	219
8	A1	219
9	A1	219
10	A1	219
11	A1	219
12	A1	219
13	A1	219
14	A1	219
15	A1	219
1	A1	220
2	A1	220
3	A1	220
4	A1	220
5	A1	220
6	A1	220
7	A1	220
8	A1	220
9	A1	220
10	A1	220
11	A1	220
12	A1	220
13	A1	220
14	A1	220
15	A1	220
1	A1	221
2	A1	221
3	A1	221
4	A1	221
5	A1	221
6	A1	221
7	A1	221
8	A1	221
9	A1	221
10	A1	221
11	A1	221
12	A1	221
13	A1	221
14	A1	221
15	A1	221
1	A1	222
2	A1	222
3	A1	222
4	A1	222
5	A1	222
6	A1	222
7	A1	222
8	A1	222
9	A1	222
10	A1	222
11	A1	222
12	A1	222
13	A1	222
14	A1	222
15	A1	222
1	A1	223
2	A1	223
3	A1	223
4	A1	223
5	A1	223
6	A1	223
7	A1	223
8	A1	223
9	A1	223
10	A1	223
11	A1	223
12	A1	223
13	A1	223
14	A1	223
15	A1	223
1	A1	224
2	A1	224
3	A1	224
4	A1	224
5	A1	224
6	A1	224
7	A1	224
8	A1	224
9	A1	224
10	A1	224
11	A1	224
12	A1	224
13	A1	224
14	A1	224
15	A1	224
1	A1	225
2	A1	225
3	A1	225
4	A1	225
5	A1	225
6	A1	225
7	A1	225
8	A1	225
9	A1	225
10	A1	225
11	A1	225
12	A1	225
13	A1	225
14	A1	225
15	A1	225
1	A1	226
2	A1	226
3	A1	226
4	A1	226
5	A1	226
6	A1	226
7	A1	226
8	A1	226
9	A1	226
10	A1	226
11	A1	226
12	A1	226
13	A1	226
14	A1	226
15	A1	226
1	A1	227
2	A1	227
3	A1	227
4	A1	227
5	A1	227
6	A1	227
7	A1	227
8	A1	227
9	A1	227
10	A1	227
11	A1	227
12	A1	227
13	A1	227
14	A1	227
15	A1	227
1	A1	228
2	A1	228
3	A1	228
4	A1	228
5	A1	228
6	A1	228
7	A1	228
8	A1	228
9	A1	228
10	A1	228
11	A1	228
12	A1	228
13	A1	228
14	A1	228
15	A1	228
1	A1	229
2	A1	229
3	A1	229
4	A1	229
5	A1	229
6	A1	229
7	A1	229
8	A1	229
9	A1	229
10	A1	229
11	A1	229
12	A1	229
13	A1	229
14	A1	229
15	A1	229
1	A1	230
2	A1	230
3	A1	230
4	A1	230
5	A1	230
6	A1	230
7	A1	230
8	A1	230
9	A1	230
10	A1	230
11	A1	230
12	A1	230
13	A1	230
14	A1	230
15	A1	230
1	A1	231
2	A1	231
3	A1	231
4	A1	231
5	A1	231
6	A1	231
7	A1	231
8	A1	231
9	A1	231
10	A1	231
11	A1	231
12	A1	231
13	A1	231
14	A1	231
15	A1	231
1	A1	232
2	A1	232
3	A1	232
4	A1	232
5	A1	232
6	A1	232
7	A1	232
8	A1	232
9	A1	232
10	A1	232
11	A1	232
12	A1	232
13	A1	232
14	A1	232
15	A1	232
1	A1	233
2	A1	233
3	A1	233
4	A1	233
5	A1	233
6	A1	233
7	A1	233
8	A1	233
9	A1	233
10	A1	233
11	A1	233
12	A1	233
13	A1	233
14	A1	233
15	A1	233
1	A1	234
2	A1	234
3	A1	234
4	A1	234
5	A1	234
6	A1	234
7	A1	234
8	A1	234
9	A1	234
10	A1	234
11	A1	234
12	A1	234
13	A1	234
14	A1	234
15	A1	234
1	A1	235
2	A1	235
3	A1	235
4	A1	235
5	A1	235
6	A1	235
7	A1	235
8	A1	235
9	A1	235
10	A1	235
11	A1	235
12	A1	235
13	A1	235
14	A1	235
15	A1	235
1	A1	236
2	A1	236
3	A1	236
4	A1	236
5	A1	236
6	A1	236
7	A1	236
8	A1	236
9	A1	236
10	A1	236
11	A1	236
12	A1	236
13	A1	236
14	A1	236
15	A1	236
1	A1	237
2	A1	237
3	A1	237
4	A1	237
5	A1	237
6	A1	237
7	A1	237
8	A1	237
9	A1	237
10	A1	237
11	A1	237
12	A1	237
13	A1	237
14	A1	237
15	A1	237
1	A1	238
2	A1	238
3	A1	238
4	A1	238
5	A1	238
6	A1	238
7	A1	238
8	A1	238
9	A1	238
10	A1	238
11	A1	238
12	A1	238
13	A1	238
14	A1	238
15	A1	238
1	A1	239
2	A1	239
3	A1	239
4	A1	239
5	A1	239
6	A1	239
7	A1	239
8	A1	239
9	A1	239
10	A1	239
11	A1	239
12	A1	239
13	A1	239
14	A1	239
15	A1	239
1	A1	240
2	A1	240
3	A1	240
4	A1	240
5	A1	240
6	A1	240
7	A1	240
8	A1	240
9	A1	240
10	A1	240
11	A1	240
12	A1	240
13	A1	240
14	A1	240
15	A1	240
1	A1	241
2	A1	241
3	A1	241
4	A1	241
5	A1	241
6	A1	241
7	A1	241
8	A1	241
9	A1	241
10	A1	241
11	A1	241
12	A1	241
13	A1	241
14	A1	241
15	A1	241
1	A1	242
2	A1	242
3	A1	242
4	A1	242
5	A1	242
6	A1	242
7	A1	242
8	A1	242
9	A1	242
10	A1	242
11	A1	242
12	A1	242
13	A1	242
14	A1	242
15	A1	242
1	A1	243
2	A1	243
3	A1	243
4	A1	243
5	A1	243
6	A1	243
7	A1	243
8	A1	243
9	A1	243
10	A1	243
11	A1	243
12	A1	243
13	A1	243
14	A1	243
15	A1	243
1	A1	244
2	A1	244
3	A1	244
4	A1	244
5	A1	244
6	A1	244
7	A1	244
8	A1	244
9	A1	244
10	A1	244
11	A1	244
12	A1	244
13	A1	244
14	A1	244
15	A1	244
1	A1	245
2	A1	245
3	A1	245
4	A1	245
5	A1	245
6	A1	245
7	A1	245
8	A1	245
9	A1	245
10	A1	245
11	A1	245
12	A1	245
13	A1	245
14	A1	245
15	A1	245
1	A1	246
2	A1	246
3	A1	246
4	A1	246
5	A1	246
6	A1	246
7	A1	246
8	A1	246
9	A1	246
10	A1	246
11	A1	246
12	A1	246
13	A1	246
14	A1	246
15	A1	246
1	A1	247
2	A1	247
3	A1	247
4	A1	247
5	A1	247
6	A1	247
7	A1	247
8	A1	247
9	A1	247
10	A1	247
11	A1	247
12	A1	247
13	A1	247
14	A1	247
15	A1	247
1	A1	248
2	A1	248
3	A1	248
4	A1	248
5	A1	248
6	A1	248
7	A1	248
8	A1	248
9	A1	248
10	A1	248
11	A1	248
12	A1	248
13	A1	248
14	A1	248
15	A1	248
1	A1	249
2	A1	249
3	A1	249
4	A1	249
5	A1	249
6	A1	249
7	A1	249
8	A1	249
9	A1	249
10	A1	249
11	A1	249
12	A1	249
13	A1	249
14	A1	249
15	A1	249
1	A1	250
2	A1	250
3	A1	250
4	A1	250
5	A1	250
6	A1	250
7	A1	250
8	A1	250
9	A1	250
10	A1	250
11	A1	250
12	A1	250
13	A1	250
14	A1	250
15	A1	250
1	A1	251
2	A1	251
3	A1	251
4	A1	251
5	A1	251
6	A1	251
7	A1	251
8	A1	251
9	A1	251
10	A1	251
11	A1	251
12	A1	251
13	A1	251
14	A1	251
15	A1	251
1	A1	252
2	A1	252
3	A1	252
4	A1	252
5	A1	252
6	A1	252
7	A1	252
8	A1	252
9	A1	252
10	A1	252
11	A1	252
12	A1	252
13	A1	252
14	A1	252
15	A1	252
1	A1	253
2	A1	253
3	A1	253
4	A1	253
5	A1	253
6	A1	253
7	A1	253
8	A1	253
9	A1	253
10	A1	253
11	A1	253
12	A1	253
13	A1	253
14	A1	253
15	A1	253
1	A1	254
2	A1	254
3	A1	254
4	A1	254
5	A1	254
6	A1	254
7	A1	254
8	A1	254
9	A1	254
10	A1	254
11	A1	254
12	A1	254
13	A1	254
14	A1	254
15	A1	254
1	A1	255
2	A1	255
3	A1	255
4	A1	255
5	A1	255
6	A1	255
7	A1	255
8	A1	255
9	A1	255
10	A1	255
11	A1	255
12	A1	255
13	A1	255
14	A1	255
15	A1	255
1	A1	256
2	A1	256
3	A1	256
4	A1	256
5	A1	256
6	A1	256
7	A1	256
8	A1	256
9	A1	256
10	A1	256
11	A1	256
12	A1	256
13	A1	256
14	A1	256
15	A1	256
1	A1	257
2	A1	257
3	A1	257
4	A1	257
5	A1	257
6	A1	257
7	A1	257
8	A1	257
9	A1	257
10	A1	257
11	A1	257
12	A1	257
13	A1	257
14	A1	257
15	A1	257
1	A1	258
2	A1	258
3	A1	258
4	A1	258
5	A1	258
6	A1	258
7	A1	258
8	A1	258
9	A1	258
10	A1	258
11	A1	258
12	A1	258
13	A1	258
14	A1	258
15	A1	258
1	A1	259
2	A1	259
3	A1	259
4	A1	259
5	A1	259
6	A1	259
7	A1	259
8	A1	259
9	A1	259
10	A1	259
11	A1	259
12	A1	259
13	A1	259
14	A1	259
15	A1	259
1	A1	260
2	A1	260
3	A1	260
4	A1	260
5	A1	260
6	A1	260
7	A1	260
8	A1	260
9	A1	260
10	A1	260
11	A1	260
12	A1	260
13	A1	260
14	A1	260
15	A1	260
1	A1	261
2	A1	261
3	A1	261
4	A1	261
5	A1	261
6	A1	261
7	A1	261
8	A1	261
9	A1	261
10	A1	261
11	A1	261
12	A1	261
13	A1	261
14	A1	261
15	A1	261
1	A1	262
2	A1	262
3	A1	262
4	A1	262
5	A1	262
6	A1	262
7	A1	262
8	A1	262
9	A1	262
10	A1	262
11	A1	262
12	A1	262
13	A1	262
14	A1	262
15	A1	262
1	A1	263
2	A1	263
3	A1	263
4	A1	263
5	A1	263
6	A1	263
7	A1	263
8	A1	263
9	A1	263
10	A1	263
11	A1	263
12	A1	263
13	A1	263
14	A1	263
15	A1	263
1	A1	264
2	A1	264
3	A1	264
4	A1	264
5	A1	264
6	A1	264
7	A1	264
8	A1	264
9	A1	264
10	A1	264
11	A1	264
12	A1	264
13	A1	264
14	A1	264
15	A1	264
1	A1	265
2	A1	265
3	A1	265
4	A1	265
5	A1	265
6	A1	265
7	A1	265
8	A1	265
9	A1	265
10	A1	265
11	A1	265
12	A1	265
13	A1	265
14	A1	265
15	A1	265
1	A1	266
2	A1	266
3	A1	266
4	A1	266
5	A1	266
6	A1	266
7	A1	266
8	A1	266
9	A1	266
10	A1	266
11	A1	266
12	A1	266
13	A1	266
14	A1	266
15	A1	266
1	A1	267
2	A1	267
3	A1	267
4	A1	267
5	A1	267
6	A1	267
7	A1	267
8	A1	267
9	A1	267
10	A1	267
11	A1	267
12	A1	267
13	A1	267
14	A1	267
15	A1	267
1	A1	268
2	A1	268
3	A1	268
4	A1	268
5	A1	268
6	A1	268
7	A1	268
8	A1	268
9	A1	268
10	A1	268
11	A1	268
12	A1	268
13	A1	268
14	A1	268
15	A1	268
1	A1	269
2	A1	269
3	A1	269
4	A1	269
5	A1	269
6	A1	269
7	A1	269
8	A1	269
9	A1	269
10	A1	269
11	A1	269
12	A1	269
13	A1	269
14	A1	269
15	A1	269
1	A1	270
2	A1	270
3	A1	270
4	A1	270
5	A1	270
6	A1	270
7	A1	270
8	A1	270
9	A1	270
10	A1	270
11	A1	270
12	A1	270
13	A1	270
14	A1	270
15	A1	270
1	A1	271
2	A1	271
3	A1	271
4	A1	271
5	A1	271
6	A1	271
7	A1	271
8	A1	271
9	A1	271
10	A1	271
11	A1	271
12	A1	271
13	A1	271
14	A1	271
15	A1	271
1	A1	272
2	A1	272
3	A1	272
4	A1	272
5	A1	272
6	A1	272
7	A1	272
8	A1	272
9	A1	272
10	A1	272
11	A1	272
12	A1	272
13	A1	272
14	A1	272
15	A1	272
1	A1	273
2	A1	273
3	A1	273
4	A1	273
5	A1	273
6	A1	273
7	A1	273
8	A1	273
9	A1	273
10	A1	273
11	A1	273
12	A1	273
13	A1	273
14	A1	273
15	A1	273
1	A1	274
2	A1	274
3	A1	274
4	A1	274
5	A1	274
6	A1	274
7	A1	274
8	A1	274
9	A1	274
10	A1	274
11	A1	274
12	A1	274
13	A1	274
14	A1	274
15	A1	274
1	A1	275
2	A1	275
3	A1	275
4	A1	275
5	A1	275
6	A1	275
7	A1	275
8	A1	275
9	A1	275
10	A1	275
11	A1	275
12	A1	275
13	A1	275
14	A1	275
15	A1	275
1	A1	276
2	A1	276
3	A1	276
4	A1	276
5	A1	276
6	A1	276
7	A1	276
8	A1	276
9	A1	276
10	A1	276
11	A1	276
12	A1	276
13	A1	276
14	A1	276
15	A1	276
1	A1	277
2	A1	277
3	A1	277
4	A1	277
5	A1	277
6	A1	277
7	A1	277
8	A1	277
9	A1	277
10	A1	277
11	A1	277
12	A1	277
13	A1	277
14	A1	277
15	A1	277
1	A1	278
2	A1	278
3	A1	278
4	A1	278
5	A1	278
6	A1	278
7	A1	278
8	A1	278
9	A1	278
10	A1	278
11	A1	278
12	A1	278
13	A1	278
14	A1	278
15	A1	278
1	A1	279
2	A1	279
3	A1	279
4	A1	279
5	A1	279
6	A1	279
7	A1	279
8	A1	279
9	A1	279
10	A1	279
11	A1	279
12	A1	279
13	A1	279
14	A1	279
15	A1	279
1	A1	280
2	A1	280
3	A1	280
4	A1	280
5	A1	280
6	A1	280
7	A1	280
8	A1	280
9	A1	280
10	A1	280
11	A1	280
12	A1	280
13	A1	280
14	A1	280
15	A1	280
1	A1	281
2	A1	281
3	A1	281
4	A1	281
5	A1	281
6	A1	281
7	A1	281
8	A1	281
9	A1	281
10	A1	281
11	A1	281
12	A1	281
13	A1	281
14	A1	281
15	A1	281
1	A1	282
2	A1	282
3	A1	282
4	A1	282
5	A1	282
6	A1	282
7	A1	282
8	A1	282
9	A1	282
10	A1	282
11	A1	282
12	A1	282
13	A1	282
14	A1	282
15	A1	282
1	A1	283
2	A1	283
3	A1	283
4	A1	283
5	A1	283
6	A1	283
7	A1	283
8	A1	283
9	A1	283
10	A1	283
11	A1	283
12	A1	283
13	A1	283
14	A1	283
15	A1	283
1	A1	284
2	A1	284
3	A1	284
4	A1	284
5	A1	284
6	A1	284
7	A1	284
8	A1	284
9	A1	284
10	A1	284
11	A1	284
12	A1	284
13	A1	284
14	A1	284
15	A1	284
1	A1	285
2	A1	285
3	A1	285
4	A1	285
5	A1	285
6	A1	285
7	A1	285
8	A1	285
9	A1	285
10	A1	285
11	A1	285
12	A1	285
13	A1	285
14	A1	285
15	A1	285
1	A1	286
2	A1	286
3	A1	286
4	A1	286
5	A1	286
6	A1	286
7	A1	286
8	A1	286
9	A1	286
10	A1	286
11	A1	286
12	A1	286
13	A1	286
14	A1	286
15	A1	286
1	A1	287
2	A1	287
3	A1	287
4	A1	287
5	A1	287
6	A1	287
7	A1	287
8	A1	287
9	A1	287
10	A1	287
11	A1	287
12	A1	287
13	A1	287
14	A1	287
15	A1	287
1	A1	288
2	A1	288
3	A1	288
4	A1	288
5	A1	288
6	A1	288
7	A1	288
8	A1	288
9	A1	288
10	A1	288
11	A1	288
12	A1	288
13	A1	288
14	A1	288
15	A1	288
1	A1	289
2	A1	289
3	A1	289
4	A1	289
5	A1	289
6	A1	289
7	A1	289
8	A1	289
9	A1	289
10	A1	289
11	A1	289
12	A1	289
13	A1	289
14	A1	289
15	A1	289
1	A1	290
2	A1	290
3	A1	290
4	A1	290
5	A1	290
6	A1	290
7	A1	290
8	A1	290
9	A1	290
10	A1	290
11	A1	290
12	A1	290
13	A1	290
14	A1	290
15	A1	290
1	A1	291
2	A1	291
3	A1	291
4	A1	291
5	A1	291
6	A1	291
7	A1	291
8	A1	291
9	A1	291
10	A1	291
11	A1	291
12	A1	291
13	A1	291
14	A1	291
15	A1	291
1	A1	292
2	A1	292
3	A1	292
4	A1	292
5	A1	292
6	A1	292
7	A1	292
8	A1	292
9	A1	292
10	A1	292
11	A1	292
12	A1	292
13	A1	292
14	A1	292
15	A1	292
1	A1	293
2	A1	293
3	A1	293
4	A1	293
5	A1	293
6	A1	293
7	A1	293
8	A1	293
9	A1	293
10	A1	293
11	A1	293
12	A1	293
13	A1	293
14	A1	293
15	A1	293
1	A1	294
2	A1	294
3	A1	294
4	A1	294
5	A1	294
6	A1	294
7	A1	294
8	A1	294
9	A1	294
10	A1	294
11	A1	294
12	A1	294
13	A1	294
14	A1	294
15	A1	294
1	A1	295
2	A1	295
3	A1	295
4	A1	295
5	A1	295
6	A1	295
7	A1	295
8	A1	295
9	A1	295
10	A1	295
11	A1	295
12	A1	295
13	A1	295
14	A1	295
15	A1	295
1	A1	296
2	A1	296
3	A1	296
4	A1	296
5	A1	296
6	A1	296
7	A1	296
8	A1	296
9	A1	296
10	A1	296
11	A1	296
12	A1	296
13	A1	296
14	A1	296
15	A1	296
1	A1	297
2	A1	297
3	A1	297
4	A1	297
5	A1	297
6	A1	297
7	A1	297
8	A1	297
9	A1	297
10	A1	297
11	A1	297
12	A1	297
13	A1	297
14	A1	297
15	A1	297
1	A1	298
2	A1	298
3	A1	298
4	A1	298
5	A1	298
6	A1	298
7	A1	298
8	A1	298
9	A1	298
10	A1	298
11	A1	298
12	A1	298
13	A1	298
14	A1	298
15	A1	298
1	A1	299
2	A1	299
3	A1	299
4	A1	299
5	A1	299
6	A1	299
7	A1	299
8	A1	299
9	A1	299
10	A1	299
11	A1	299
12	A1	299
13	A1	299
14	A1	299
15	A1	299
1	A1	300
2	A1	300
3	A1	300
4	A1	300
5	A1	300
6	A1	300
7	A1	300
8	A1	300
9	A1	300
10	A1	300
11	A1	300
12	A1	300
13	A1	300
14	A1	300
15	A1	300
1	A1	301
2	A1	301
3	A1	301
4	A1	301
5	A1	301
6	A1	301
7	A1	301
8	A1	301
9	A1	301
10	A1	301
11	A1	301
12	A1	301
13	A1	301
14	A1	301
15	A1	301
1	A1	302
2	A1	302
3	A1	302
4	A1	302
5	A1	302
6	A1	302
7	A1	302
8	A1	302
9	A1	302
10	A1	302
11	A1	302
12	A1	302
13	A1	302
14	A1	302
15	A1	302
1	A1	303
2	A1	303
3	A1	303
4	A1	303
5	A1	303
6	A1	303
7	A1	303
8	A1	303
9	A1	303
10	A1	303
11	A1	303
12	A1	303
13	A1	303
14	A1	303
15	A1	303
1	A1	304
2	A1	304
3	A1	304
4	A1	304
5	A1	304
6	A1	304
7	A1	304
8	A1	304
9	A1	304
10	A1	304
11	A1	304
12	A1	304
13	A1	304
14	A1	304
15	A1	304
1	A1	305
2	A1	305
3	A1	305
4	A1	305
5	A1	305
6	A1	305
7	A1	305
8	A1	305
9	A1	305
10	A1	305
11	A1	305
12	A1	305
13	A1	305
14	A1	305
15	A1	305
1	A1	306
2	A1	306
3	A1	306
4	A1	306
5	A1	306
6	A1	306
7	A1	306
8	A1	306
9	A1	306
10	A1	306
11	A1	306
12	A1	306
13	A1	306
14	A1	306
15	A1	306
1	A1	307
2	A1	307
3	A1	307
4	A1	307
5	A1	307
6	A1	307
7	A1	307
8	A1	307
9	A1	307
10	A1	307
11	A1	307
12	A1	307
13	A1	307
14	A1	307
15	A1	307
1	A1	308
2	A1	308
3	A1	308
4	A1	308
5	A1	308
6	A1	308
7	A1	308
8	A1	308
9	A1	308
10	A1	308
11	A1	308
12	A1	308
13	A1	308
14	A1	308
15	A1	308
1	A1	309
2	A1	309
3	A1	309
4	A1	309
5	A1	309
6	A1	309
7	A1	309
8	A1	309
9	A1	309
10	A1	309
11	A1	309
12	A1	309
13	A1	309
14	A1	309
15	A1	309
1	A1	310
2	A1	310
3	A1	310
4	A1	310
5	A1	310
6	A1	310
7	A1	310
8	A1	310
9	A1	310
10	A1	310
11	A1	310
12	A1	310
13	A1	310
14	A1	310
15	A1	310
1	A1	311
2	A1	311
3	A1	311
4	A1	311
5	A1	311
6	A1	311
7	A1	311
8	A1	311
9	A1	311
10	A1	311
11	A1	311
12	A1	311
13	A1	311
14	A1	311
15	A1	311
1	A1	312
2	A1	312
3	A1	312
4	A1	312
5	A1	312
6	A1	312
7	A1	312
8	A1	312
9	A1	312
10	A1	312
11	A1	312
12	A1	312
13	A1	312
14	A1	312
15	A1	312
1	A1	313
2	A1	313
3	A1	313
4	A1	313
5	A1	313
6	A1	313
7	A1	313
8	A1	313
9	A1	313
10	A1	313
11	A1	313
12	A1	313
13	A1	313
14	A1	313
15	A1	313
1	A1	314
2	A1	314
3	A1	314
4	A1	314
5	A1	314
6	A1	314
7	A1	314
8	A1	314
9	A1	314
10	A1	314
11	A1	314
12	A1	314
13	A1	314
14	A1	314
15	A1	314
1	A1	315
2	A1	315
3	A1	315
4	A1	315
5	A1	315
6	A1	315
7	A1	315
8	A1	315
9	A1	315
10	A1	315
11	A1	315
12	A1	315
13	A1	315
14	A1	315
15	A1	315
1	A1	316
2	A1	316
3	A1	316
4	A1	316
5	A1	316
6	A1	316
7	A1	316
8	A1	316
9	A1	316
10	A1	316
11	A1	316
12	A1	316
13	A1	316
14	A1	316
15	A1	316
1	A1	317
2	A1	317
3	A1	317
4	A1	317
5	A1	317
6	A1	317
7	A1	317
8	A1	317
9	A1	317
10	A1	317
11	A1	317
12	A1	317
13	A1	317
14	A1	317
15	A1	317
1	A1	318
2	A1	318
3	A1	318
4	A1	318
5	A1	318
6	A1	318
7	A1	318
8	A1	318
9	A1	318
10	A1	318
11	A1	318
12	A1	318
13	A1	318
14	A1	318
15	A1	318
1	A1	319
2	A1	319
3	A1	319
4	A1	319
5	A1	319
6	A1	319
7	A1	319
8	A1	319
9	A1	319
10	A1	319
11	A1	319
12	A1	319
13	A1	319
14	A1	319
15	A1	319
1	A1	320
2	A1	320
3	A1	320
4	A1	320
5	A1	320
6	A1	320
7	A1	320
8	A1	320
9	A1	320
10	A1	320
11	A1	320
12	A1	320
13	A1	320
14	A1	320
15	A1	320
1	A1	321
2	A1	321
3	A1	321
4	A1	321
5	A1	321
6	A1	321
7	A1	321
8	A1	321
9	A1	321
10	A1	321
11	A1	321
12	A1	321
13	A1	321
14	A1	321
15	A1	321
1	A1	322
2	A1	322
3	A1	322
4	A1	322
5	A1	322
6	A1	322
7	A1	322
8	A1	322
9	A1	322
10	A1	322
11	A1	322
12	A1	322
13	A1	322
14	A1	322
15	A1	322
1	A1	323
2	A1	323
3	A1	323
4	A1	323
5	A1	323
6	A1	323
7	A1	323
8	A1	323
9	A1	323
10	A1	323
11	A1	323
12	A1	323
13	A1	323
14	A1	323
15	A1	323
1	A1	324
2	A1	324
3	A1	324
4	A1	324
5	A1	324
6	A1	324
7	A1	324
8	A1	324
9	A1	324
10	A1	324
11	A1	324
12	A1	324
13	A1	324
14	A1	324
15	A1	324
1	A1	325
2	A1	325
3	A1	325
4	A1	325
5	A1	325
6	A1	325
7	A1	325
8	A1	325
9	A1	325
10	A1	325
11	A1	325
12	A1	325
13	A1	325
14	A1	325
15	A1	325
1	A1	326
2	A1	326
3	A1	326
4	A1	326
5	A1	326
6	A1	326
7	A1	326
8	A1	326
9	A1	326
10	A1	326
11	A1	326
12	A1	326
13	A1	326
14	A1	326
15	A1	326
1	A1	327
2	A1	327
3	A1	327
4	A1	327
5	A1	327
6	A1	327
7	A1	327
8	A1	327
9	A1	327
10	A1	327
11	A1	327
12	A1	327
13	A1	327
14	A1	327
15	A1	327
1	A1	328
2	A1	328
3	A1	328
4	A1	328
5	A1	328
6	A1	328
7	A1	328
8	A1	328
9	A1	328
10	A1	328
11	A1	328
12	A1	328
13	A1	328
14	A1	328
15	A1	328
1	A1	329
2	A1	329
3	A1	329
4	A1	329
5	A1	329
6	A1	329
7	A1	329
8	A1	329
9	A1	329
10	A1	329
11	A1	329
12	A1	329
13	A1	329
14	A1	329
15	A1	329
1	A1	330
2	A1	330
3	A1	330
4	A1	330
5	A1	330
6	A1	330
7	A1	330
8	A1	330
9	A1	330
10	A1	330
11	A1	330
12	A1	330
13	A1	330
14	A1	330
15	A1	330
1	A1	331
2	A1	331
3	A1	331
4	A1	331
5	A1	331
6	A1	331
7	A1	331
8	A1	331
9	A1	331
10	A1	331
11	A1	331
12	A1	331
13	A1	331
14	A1	331
15	A1	331
1	A1	332
2	A1	332
3	A1	332
4	A1	332
5	A1	332
6	A1	332
7	A1	332
8	A1	332
9	A1	332
10	A1	332
11	A1	332
12	A1	332
13	A1	332
14	A1	332
15	A1	332
1	A1	333
2	A1	333
3	A1	333
4	A1	333
5	A1	333
6	A1	333
7	A1	333
8	A1	333
9	A1	333
10	A1	333
11	A1	333
12	A1	333
13	A1	333
14	A1	333
15	A1	333
1	A1	334
2	A1	334
3	A1	334
4	A1	334
5	A1	334
6	A1	334
7	A1	334
8	A1	334
9	A1	334
10	A1	334
11	A1	334
12	A1	334
13	A1	334
14	A1	334
15	A1	334
1	A1	335
2	A1	335
3	A1	335
4	A1	335
5	A1	335
6	A1	335
7	A1	335
8	A1	335
9	A1	335
10	A1	335
11	A1	335
12	A1	335
13	A1	335
14	A1	335
15	A1	335
1	A1	336
2	A1	336
3	A1	336
4	A1	336
5	A1	336
6	A1	336
7	A1	336
8	A1	336
9	A1	336
10	A1	336
11	A1	336
12	A1	336
13	A1	336
14	A1	336
15	A1	336
1	A1	337
2	A1	337
3	A1	337
4	A1	337
5	A1	337
6	A1	337
7	A1	337
8	A1	337
9	A1	337
10	A1	337
11	A1	337
12	A1	337
13	A1	337
14	A1	337
15	A1	337
1	A1	338
2	A1	338
3	A1	338
4	A1	338
5	A1	338
6	A1	338
7	A1	338
8	A1	338
9	A1	338
10	A1	338
11	A1	338
12	A1	338
13	A1	338
14	A1	338
15	A1	338
1	A1	339
2	A1	339
3	A1	339
4	A1	339
5	A1	339
6	A1	339
7	A1	339
8	A1	339
9	A1	339
10	A1	339
11	A1	339
12	A1	339
13	A1	339
14	A1	339
15	A1	339
1	A1	340
2	A1	340
3	A1	340
4	A1	340
5	A1	340
6	A1	340
7	A1	340
8	A1	340
9	A1	340
10	A1	340
11	A1	340
12	A1	340
13	A1	340
14	A1	340
15	A1	340
1	A1	341
2	A1	341
3	A1	341
4	A1	341
5	A1	341
6	A1	341
7	A1	341
8	A1	341
9	A1	341
10	A1	341
11	A1	341
12	A1	341
13	A1	341
14	A1	341
15	A1	341
1	A1	342
2	A1	342
3	A1	342
4	A1	342
5	A1	342
6	A1	342
7	A1	342
8	A1	342
9	A1	342
10	A1	342
11	A1	342
12	A1	342
13	A1	342
14	A1	342
15	A1	342
1	A1	343
2	A1	343
3	A1	343
4	A1	343
5	A1	343
6	A1	343
7	A1	343
8	A1	343
9	A1	343
10	A1	343
11	A1	343
12	A1	343
13	A1	343
14	A1	343
15	A1	343
1	A1	344
2	A1	344
3	A1	344
4	A1	344
5	A1	344
6	A1	344
7	A1	344
8	A1	344
9	A1	344
10	A1	344
11	A1	344
12	A1	344
13	A1	344
14	A1	344
15	A1	344
1	A1	345
2	A1	345
3	A1	345
4	A1	345
5	A1	345
6	A1	345
7	A1	345
8	A1	345
9	A1	345
10	A1	345
11	A1	345
12	A1	345
13	A1	345
14	A1	345
15	A1	345
1	A1	346
2	A1	346
3	A1	346
4	A1	346
5	A1	346
6	A1	346
7	A1	346
8	A1	346
9	A1	346
10	A1	346
11	A1	346
12	A1	346
13	A1	346
14	A1	346
15	A1	346
1	A1	347
2	A1	347
3	A1	347
4	A1	347
5	A1	347
6	A1	347
7	A1	347
8	A1	347
9	A1	347
10	A1	347
11	A1	347
12	A1	347
13	A1	347
14	A1	347
15	A1	347
1	A1	348
2	A1	348
3	A1	348
4	A1	348
5	A1	348
6	A1	348
7	A1	348
8	A1	348
9	A1	348
10	A1	348
11	A1	348
12	A1	348
13	A1	348
14	A1	348
15	A1	348
1	A1	349
2	A1	349
3	A1	349
4	A1	349
5	A1	349
6	A1	349
7	A1	349
8	A1	349
9	A1	349
10	A1	349
11	A1	349
12	A1	349
13	A1	349
14	A1	349
15	A1	349
1	A1	350
2	A1	350
3	A1	350
4	A1	350
5	A1	350
6	A1	350
7	A1	350
8	A1	350
9	A1	350
10	A1	350
11	A1	350
12	A1	350
13	A1	350
14	A1	350
15	A1	350
1	A1	351
2	A1	351
3	A1	351
4	A1	351
5	A1	351
6	A1	351
7	A1	351
8	A1	351
9	A1	351
10	A1	351
11	A1	351
12	A1	351
13	A1	351
14	A1	351
15	A1	351
1	A1	352
2	A1	352
3	A1	352
4	A1	352
5	A1	352
6	A1	352
7	A1	352
8	A1	352
9	A1	352
10	A1	352
11	A1	352
12	A1	352
13	A1	352
14	A1	352
15	A1	352
1	A1	353
2	A1	353
3	A1	353
4	A1	353
5	A1	353
6	A1	353
7	A1	353
8	A1	353
9	A1	353
10	A1	353
11	A1	353
12	A1	353
13	A1	353
14	A1	353
15	A1	353
1	A1	354
2	A1	354
3	A1	354
4	A1	354
5	A1	354
6	A1	354
7	A1	354
8	A1	354
9	A1	354
10	A1	354
11	A1	354
12	A1	354
13	A1	354
14	A1	354
15	A1	354
1	A1	355
2	A1	355
3	A1	355
4	A1	355
5	A1	355
6	A1	355
7	A1	355
8	A1	355
9	A1	355
10	A1	355
11	A1	355
12	A1	355
13	A1	355
14	A1	355
15	A1	355
1	A1	356
2	A1	356
3	A1	356
4	A1	356
5	A1	356
6	A1	356
7	A1	356
8	A1	356
9	A1	356
10	A1	356
11	A1	356
12	A1	356
13	A1	356
14	A1	356
15	A1	356
1	A1	357
2	A1	357
3	A1	357
4	A1	357
5	A1	357
6	A1	357
7	A1	357
8	A1	357
9	A1	357
10	A1	357
11	A1	357
12	A1	357
13	A1	357
14	A1	357
15	A1	357
1	A1	358
2	A1	358
3	A1	358
4	A1	358
5	A1	358
6	A1	358
7	A1	358
8	A1	358
9	A1	358
10	A1	358
11	A1	358
12	A1	358
13	A1	358
14	A1	358
15	A1	358
1	A1	359
2	A1	359
3	A1	359
4	A1	359
5	A1	359
6	A1	359
7	A1	359
8	A1	359
9	A1	359
10	A1	359
11	A1	359
12	A1	359
13	A1	359
14	A1	359
15	A1	359
1	A1	360
2	A1	360
3	A1	360
4	A1	360
5	A1	360
6	A1	360
7	A1	360
8	A1	360
9	A1	360
10	A1	360
11	A1	360
12	A1	360
13	A1	360
14	A1	360
15	A1	360
1	A1	361
2	A1	361
3	A1	361
4	A1	361
5	A1	361
6	A1	361
7	A1	361
8	A1	361
9	A1	361
10	A1	361
11	A1	361
12	A1	361
13	A1	361
14	A1	361
15	A1	361
1	A1	362
2	A1	362
3	A1	362
4	A1	362
5	A1	362
6	A1	362
7	A1	362
8	A1	362
9	A1	362
10	A1	362
11	A1	362
12	A1	362
13	A1	362
14	A1	362
15	A1	362
1	A1	363
2	A1	363
3	A1	363
4	A1	363
5	A1	363
6	A1	363
7	A1	363
8	A1	363
9	A1	363
10	A1	363
11	A1	363
12	A1	363
13	A1	363
14	A1	363
15	A1	363
1	A1	364
2	A1	364
3	A1	364
4	A1	364
5	A1	364
6	A1	364
7	A1	364
8	A1	364
9	A1	364
10	A1	364
11	A1	364
12	A1	364
13	A1	364
14	A1	364
15	A1	364
1	A1	365
2	A1	365
3	A1	365
4	A1	365
5	A1	365
6	A1	365
7	A1	365
8	A1	365
9	A1	365
10	A1	365
11	A1	365
12	A1	365
13	A1	365
14	A1	365
15	A1	365
1	A1	366
2	A1	366
3	A1	366
4	A1	366
5	A1	366
6	A1	366
7	A1	366
8	A1	366
9	A1	366
10	A1	366
11	A1	366
12	A1	366
13	A1	366
14	A1	366
15	A1	366
1	A1	367
2	A1	367
3	A1	367
4	A1	367
5	A1	367
6	A1	367
7	A1	367
8	A1	367
9	A1	367
10	A1	367
11	A1	367
12	A1	367
13	A1	367
14	A1	367
15	A1	367
